{
	"info": {
		"_postman_id": "dd46f16e-3e65-4004-be8f-418200dc89cd",
		"name": "Auth Service 8443",
		"schema": "https://schema.getpostman.com/json/collection/v2.1.0/collection.json",
		"_exporter_id": "25128273"
	},
	"item": [
		{
			"name": "ADMIN",
			"item": [
				{
					"name": "ADMIN TOKEN",
					"request": {
						"auth": {
							"type": "noauth"
						},
						"method": "POST",
						"header": [],
						"body": {
							"mode": "urlencoded",
							"urlencoded": [
								{
									"key": "client_id",
									"value": "test-app",
									"type": "text"
								},
								{
									"key": "username",
									"value": "admin",
									"type": "text"
								},
								{
									"key": "password",
									"value": "admin",
									"type": "text"
								},
								{
									"key": "grant_type",
									"value": "password",
									"type": "text"
								},
								{
									"key": "scope",
									"value": "openid",
									"type": "text"
								},
								{
									"key": "code",
									"value": "4a235c09-08d4-48cb-9b53-4118ede8099f.e8c760d6-0b73-48f1-909e-c7cb256c05f8.a55055fb-2d36-43d6-b9dc-61a2ed6663d6",
									"type": "text",
									"disabled": true
								}
							]
						},
						"url": {
							"raw": "{{8443}}/realms/{{realm}}/protocol/openid-connect/token",
							"host": [
								"{{8443}}"
							],
							"path": [
								"realms",
								"{{realm}}",
								"protocol",
								"openid-connect",
								"token"
							]
						}
					},
					"response": []
				},
				{
					"name": "ADMIN TOKEN  master",
					"request": {
						"auth": {
							"type": "noauth"
						},
						"method": "POST",
						"header": [],
						"body": {
							"mode": "urlencoded",
							"urlencoded": [
								{
									"key": "client_id",
									"value": "admin-cli",
									"type": "text"
								},
								{
									"key": "username",
									"value": "admin",
									"type": "text"
								},
								{
									"key": "password",
									"value": "admin",
									"type": "text"
								},
								{
									"key": "grant_type",
									"value": "password",
									"type": "text"
								},
								{
									"key": "scope",
									"value": "openid",
									"type": "text"
								},
								{
									"key": "code",
									"value": "4a235c09-08d4-48cb-9b53-4118ede8099f.e8c760d6-0b73-48f1-909e-c7cb256c05f8.a55055fb-2d36-43d6-b9dc-61a2ed6663d6",
									"type": "text",
									"disabled": true
								}
							]
						},
						"url": {
							"raw": "{{8443}}/realms/master/protocol/openid-connect/token",
							"host": [
								"{{8443}}"
							],
							"path": [
								"realms",
								"master",
								"protocol",
								"openid-connect",
								"token"
							]
						}
					},
					"response": []
				},
				{
					"name": "reset user password",
					"request": {
						"auth": {
							"type": "bearer",
							"bearer": [
								{
									"key": "token",
									"value": "{{admin_token_8443}}",
									"type": "string"
								}
							]
						},
						"method": "PUT",
						"header": [
							{
								"key": "Content-Type",
								"name": "Content-Type",
								"type": "text",
								"value": "application/json"
							}
						],
						"body": {
							"mode": "raw",
							"raw": "{\n    \"type\": \"password\",\n    \"value\": \"asdf\",\n    \"temporary\": false\n}"
						},
						"url": {
							"raw": "{{8443}}/admin/realms/{{realm}}/users/079cb7d1-1b7f-4676-9ccd-32b46afea16a/reset-password",
							"host": [
								"{{8443}}"
							],
							"path": [
								"admin",
								"realms",
								"{{realm}}",
								"users",
								"079cb7d1-1b7f-4676-9ccd-32b46afea16a",
								"reset-password"
							]
						},
						"description": "Set up a new password for the user.\n"
					},
					"response": []
				},
				{
					"name": "get user attributes",
					"request": {
						"auth": {
							"type": "bearer",
							"bearer": [
								{
									"key": "token",
									"value": "{{admin_token_8443}}",
									"type": "string"
								}
							]
						},
						"method": "GET",
						"header": [],
						"url": {
							"raw": "{{8443}}admin/realms/{{realm}}/users?email=hari@protecto.ai",
							"host": [
								"{{8443}}admin"
							],
							"path": [
								"realms",
								"{{realm}}",
								"users"
							],
							"query": [
								{
									"key": "email",
									"value": "hari@protecto.ai"
								}
							]
						}
					},
					"response": []
				},
				{
					"name": "get user by id",
					"request": {
						"auth": {
							"type": "bearer",
							"bearer": [
								{
									"key": "token",
									"value": "{{admin_token_8443}}",
									"type": "string"
								}
							]
						},
						"method": "GET",
						"header": [],
						"url": {
							"raw": "{{8443}}/admin/realms/{{realm}}/users/84d1f845-d75a-419e-9003-dbb3a779c7c2",
							"host": [
								"{{8443}}"
							],
							"path": [
								"admin",
								"realms",
								"{{realm}}",
								"users",
								"84d1f845-d75a-419e-9003-dbb3a779c7c2"
							]
						}
					},
					"response": []
				},
				{
					"name": "update user info",
					"request": {
						"auth": {
							"type": "bearer",
							"bearer": [
								{
									"key": "token",
									"value": "{{admin_token_8443}}",
									"type": "string"
								}
							]
						},
						"method": "PUT",
						"header": [
							{
								"key": "Content-Type",
								"name": "Content-Type",
								"type": "text",
								"value": "application/json"
							}
						],
						"body": {
							"mode": "raw",
							"raw": "{\n           \"attributes\": {\n            \"update-password-true\": [false]\n        }\n}"
						},
						"url": {
							"raw": "{{8443}}/admin/realms/{{realm}}/users/313b9d23-c5f9-47d5-ad00-a340eb03e85d",
							"host": [
								"{{8443}}"
							],
							"path": [
								"admin",
								"realms",
								"{{realm}}",
								"users",
								"313b9d23-c5f9-47d5-ad00-a340eb03e85d"
							]
						},
						"description": "Update the user"
					},
					"response": []
				},
				{
					"name": "user list",
					"protocolProfileBehavior": {
						"disableBodyPruning": true,
						"disabledSystemHeaders": {}
					},
					"request": {
						"auth": {
							"type": "bearer",
							"bearer": [
								{
									"key": "token",
									"value": "{{admin_token_8443}}",
									"type": "string"
								}
							]
						},
						"method": "GET",
						"header": [],
						"body": {
							"mode": "raw",
							"raw": "",
							"options": {
								"raw": {
									"language": "json"
								}
							}
						},
						"url": {
							"raw": "{{8443}}/admin/realms/{{realm}}/users",
							"host": [
								"{{8443}}"
							],
							"path": [
								"admin",
								"realms",
								"{{realm}}",
								"users"
							],
							"query": [
								{
									"key": "email",
									"value": "sandypaapuu@gmail.com",
									"disabled": true
								}
							]
						}
					},
					"response": []
				},
				{
					"name": "create user",
					"request": {
						"auth": {
							"type": "bearer",
							"bearer": [
								{
									"key": "token",
									"value": "{{admin_token_8443}}",
									"type": "string"
								}
							]
						},
						"method": "POST",
						"header": [
							{
								"key": "Content-Type",
								"name": "Content-Type",
								"type": "text",
								"value": "application/json"
							}
						],
						"body": {
							"mode": "raw",
							"raw": "{\n    \"username\": \"hari1\",\n    \"enabled\": true,\n    \"emailVerified\": false,\n    \"firstName\": \"Hariharan\",\n    \"lastName\": \"M\",\n    \"email\": \"\",\n    \"access\": {\n        \"manageGroupMembership\": true,\n        \"view\": true,\n        \"mapRoles\": true,\n        \"impersonate\": true,\n        \"manage\": true\n    },\n    \"attributes\": {\n        \"country\": [\n            \"India\"\n        ]\n    },\n    \"credentials\": [\n        {\n            \"type\": \"password\",\n            \"value\": \"hari\",\n            \"temporary\":false\n        }\n    ]\n}"
						},
						"url": {
							"raw": "{{8443}}/admin/realms/{{realm}}/users",
							"host": [
								"{{8443}}"
							],
							"path": [
								"admin",
								"realms",
								"{{realm}}",
								"users"
							]
						},
						"description": "Create a new user Username must be unique."
					},
					"response": []
				}
			]
		},
		{
			"name": "USER",
			"item": [
				{
					"name": "user login",
					"request": {
						"auth": {
							"type": "noauth"
						},
						"method": "POST",
						"header": [
							{
								"key": "Origin",
								"value": "http://localhost:5000",
								"type": "text"
							},
							{
								"key": "Content-Type",
								"value": "application/x-www-form-urlencoded",
								"type": "text"
							},
							{
								"key": "Referer",
								"value": "http://localhost:6000",
								"type": "text"
							}
						],
						"body": {
							"mode": "urlencoded",
							"urlencoded": [
								{
									"key": "client_id",
									"value": "test-app",
									"type": "text"
								},
								{
									"key": "username",
									"value": "Hari",
									"type": "text"
								},
								{
									"key": "password",
									"value": "hari",
									"type": "text"
								},
								{
									"key": "grant_type",
									"value": "password",
									"type": "text"
								},
								{
									"key": "scope",
									"value": "openid",
									"type": "text"
								},
								{
									"key": "code",
									"value": "4a235c09-08d4-48cb-9b53-4118ede8099f.e8c760d6-0b73-48f1-909e-c7cb256c05f8.a55055fb-2d36-43d6-b9dc-61a2ed6663d6",
									"type": "text",
									"disabled": true
								}
							]
						},
						"url": {
							"raw": "{{8443}}/realms/{{realm}}/protocol/openid-connect/token",
							"host": [
								"{{8443}}"
							],
							"path": [
								"realms",
								"{{realm}}",
								"protocol",
								"openid-connect",
								"token"
							]
						}
					},
					"response": []
				},
				{
					"name": "get user Info using access token",
					"protocolProfileBehavior": {
						"disableBodyPruning": true
					},
					"request": {
						"auth": {
							"type": "bearer",
							"bearer": [
								{
									"key": "token",
									"value": "{{user_token_8443}}",
									"type": "string"
								}
							]
						},
						"method": "GET",
						"header": [],
						"body": {
							"mode": "urlencoded",
							"urlencoded": [
								{
									"key": "client_id",
									"value": "test-app",
									"type": "text",
									"disabled": true
								},
								{
									"key": "username",
									"value": "hari@protecto",
									"type": "text",
									"disabled": true
								},
								{
									"key": "password",
									"value": "hari",
									"type": "text",
									"disabled": true
								},
								{
									"key": "grant_type",
									"value": "password",
									"type": "text",
									"disabled": true
								},
								{
									"key": "scope",
									"value": "openid",
									"type": "text",
									"disabled": true
								}
							]
						},
						"url": {
							"raw": "{{8443}}realms/{{realm}}/protocol/openid-connect/userinfo",
							"host": [
								"{{8443}}realms"
							],
							"path": [
								"{{realm}}",
								"protocol",
								"openid-connect",
								"userinfo"
							]
						}
					},
					"response": []
				},
				{
					"name": "get access token using refresh token",
					"request": {
						"auth": {
							"type": "noauth"
						},
						"method": "POST",
						"header": [
							{
								"key": "Origin",
								"value": "http://localhost:5000",
								"type": "text"
							},
							{
								"key": "Content-Type",
								"value": "application/x-www-form-urlencoded",
								"type": "text"
							},
							{
								"key": "Referer",
								"value": "http://localhost:6000",
								"type": "text"
							}
						],
						"body": {
							"mode": "urlencoded",
							"urlencoded": [
								{
									"key": "client_id",
									"value": "test-app",
									"type": "text"
								},
								{
									"key": "username",
									"value": "hari",
									"type": "text",
									"disabled": true
								},
								{
									"key": "password",
									"value": "hari",
									"type": "text",
									"disabled": true
								},
								{
									"key": "grant_type",
									"value": "refresh_token",
									"type": "text"
								},
								{
									"key": "scope",
									"value": "openid",
									"type": "text",
									"disabled": true
								},
								{
									"key": "refresh_token",
									"value": "{{user_refresh_token_8443}}",
									"type": "text"
								}
							]
						},
						"url": {
							"raw": "{{8443}}realms/SMTP-REALM/protocol/openid-connect/token",
							"host": [
								"{{8443}}realms"
							],
							"path": [
								"SMTP-REALM",
								"protocol",
								"openid-connect",
								"token"
							]
						}
					},
					"response": []
				}
			]
		}
	]
}